year,avgTemp,minTemp,maxTemp,rainFall,avgPrice
20131101,11.9,6.4,20.9,0,2502
20131104,8.8,3.9,16.7,0,2452
20131105,6.9,1.2,17.6,0,2464
20131106,7.9,0.2,15,0.5,2479
20131107,10.2,1.1,17.7,0,2502
20131108,5.7,-0.8,15,0,2473
20131111,1.4,-4,7.9,0,2403
20131112,1.3,-4.5,8.7,0,2403
20131113,1.2,-6.3,12.4,0,2400
20131114,3.7,-3,10.8,0,2333
20131115,4.3,-1.6,13.8,0,2216
20131118,1.6,-0.3,4.9,0,2228
20131119,2.1,-0.8,5.2,0,2228
20131120,2.3,-0.3,6,0,2228
20131121,1.7,-3.3,7.3,0,2228
20131122,1.4,-5.2,10.8,0,2135
20131125,6.5,1.8,12.6,16.5,2135
20131126,1.4,-2.4,5.9,0,2135
20131127,-0.8,-4,2.4,3.5,2135
20131128,-2.9,-5.5,0.6,0,2104
20131129,-0.4,-4,3.3,0,2104
20131202,0.5,-6.2,8.6,0,2089
20131203,0.5,-5.2,9.4,0,2089
20131204,0.8,-5.6,10.8,0,2150
20131205,3.4,-4.8,8.7,0,2173
20131206,2.7,-3.9,8.1,0,2173
20131209,2.2,-2.7,5.9,3,2143
20131210,0.7,-4.4,4.2,0,2143
20131211,-0.3,-3.7,3.5,0.4,2133
20131212,0.5,-4.5,5,2.5,2133
20131213,-4,-6.7,1.2,0,2133
20131216,-3.9,-11.2,3.9,0,2133
20131217,0.6,-5.6,6.7,0.3,2133
20131218,3,0.1,6.1,0,2086
20131219,-1,-4.4,1.8,0,2086
20131220,-3.5,-7.4,1.2,0.2,2096
20131223,-4,-9.9,3.9,0,2107
20131224,-3.7,-10.4,6.6,0,2112
20131226,0.8,-1.2,3.5,0,2122
20131227,-3.8,-8,0.1,0,2094
20131230,2.3,-1.6,5.6,0,2050
20131231,3,-4,8,0,2054
20140102,0.6,-5.4,8,0,2011
20140103,-1.7,-8.5,8.3,0,1930
20140106,-3.2,-9.6,6.7,0,1930
20140107,-1.5,-10.3,6.4,0,1930
20140108,-0.6,-3.5,4,0,1936
20140109,-5,-9.2,-1,0,1983
20140110,-5.9,-14.5,0.6,0,2118
20140113,-7.2,-13.1,0.9,0,2118
20140114,-7.6,-16.4,2.4,0,2118
20140115,-6,-15,3.3,0,2092
20140116,-4.4,-12.9,4.4,0,2083
20140117,-4,-10.1,4.7,0,2045
20140120,-1.9,-5.9,2.2,0.5,2025
20140121,-4.5,-9.5,-1,0,2028
20140122,-6,-13.1,1.9,0,1989
20140123,-5,-13.6,6.4,0,2622
20140124,-1.4,-10.6,8.8,0,2648
20140127,-2.7,-11.6,7.6,0,2648
20140128,1,-6.8,10.5,0,2648
20140129,0.1,-12.3,13.3,0,2678
20140203,1.2,-5,8.6,0,2660
20140204,-6.1,-10.5,-0.6,0,2646
20140205,-7.1,-13.7,1.2,0,2646
20140206,-3.1,-9.5,3.3,0,2565
20140207,-1.2,-5.8,2.6,12,2558
20140210,-2.2,-7.3,1.1,0,2551
20140211,-4.2,-10.3,1.9,0,2540
20140212,-2.8,-8.9,4.1,0,2540
20140213,-1.4,-6.8,3.2,0,2498
20140214,0.1,-2.7,2.2,0,2485
20140217,1.6,-2.7,6.7,0.4,2485
20140218,0.2,-1.2,3.1,0,2462
20140219,0.2,-3.3,4.4,0,2462
20140220,0.2,-6.3,7.9,0,2446
20140221,-1,-7.3,7.7,0,2442
20140224,2.3,-3.5,11.3,0,2460
20140225,3,-4.9,12.9,0,2460
20140226,3.1,-3.2,9.3,1,2452
20140227,7.9,2.8,16.2,0.3,2452
20140228,4.7,-0.2,8.8,0,2444
20140303,1.5,-4.7,10.6,0,2450
20140304,3,-4.8,10.8,0,2357
20140305,1.7,-3.5,8.2,0,2344
20140306,-0.8,-8.5,5.6,0,2355
20140307,0.3,-4,5.1,0,2372
20140310,-0.4,-8.9,8.9,0,2428
20140311,2.5,-8,14.3,0,2368
20140312,1.1,-5.2,4.3,30,2350
20140313,1.5,-2.4,6.6,10.5,2335
20140314,0.2,-3.5,6.6,0,2291
20140317,10.6,-1,21.1,0.5,2294
20140318,12.6,3.2,20.5,0.5,2247
20140319,6.4,1.6,11.2,0,2247
20140320,4.3,1,9,3,2247
20140321,1.7,-3.1,7.9,0,2240
20140324,8.2,-2.4,18.3,0,2224
20140325,12.1,4.1,19.6,5.5,2228
20140326,13,9.6,17.6,9.5,2249
20140327,11.6,5.3,22.6,0,2256
20140328,14.3,4.2,24.8,0,2248
20140331,9.5,1.8,20.2,0,2273
20140401,10.6,2.3,22.7,0,2264
20140402,12.5,1.6,23.2,0,2290
20140403,10.1,2.3,21.1,11.5,2394
20140404,5.4,1.6,10.7,2,2394
20140407,11.1,-1.1,20,0,2392
20140408,10.8,0.9,21.5,0,2383
20140409,11.4,0,23.6,0,2383
20140410,9.8,3.1,18.3,0,2285
20140411,10.4,3.8,19.7,0,2285
20140414,10.5,-1.5,23.5,0,2285
20140415,15.9,1.9,25.7,0,2273
20140416,17.1,8.9,25.3,0,2273
20140417,12.3,4.7,23.2,7,2298
20140418,11.1,7.4,16.8,0.5,2298
20140421,12.7,4.8,22.5,0,2298
20140422,11.7,4.6,21.8,0,2267
20140423,12.2,0.9,24,0,2267
20140424,13.8,2.6,25.7,0,2252
20140425,14.8,3.9,26.3,0,2252
20140428,11.5,10.4,12.9,27,2260
20140429,13.2,12,15.3,19.5,2279
20140430,13.7,10,18.7,0.5,2271
20140502,17.4,6.6,26,0,2268
20140507,13.6,0.8,25.3,0,2245
20140508,14.3,7.1,21.8,0.1,2245
20140509,12.5,4.3,23.2,0,2272
20140512,17.3,12.9,21.9,12.5,2272
20140513,19.4,8.8,28.9,0,2302
20140514,17,11.2,26.3,0,2302
20140515,17.7,10.6,25.1,0,2246
20140516,18.2,10.7,26.4,0,2253
20140519,18.9,10.1,29.4,0,2273
20140520,16.9,12,23.1,0,2285
20140521,16.9,10.3,26.3,0,2286
20140522,16.9,8.8,28.3,0,2286
20140523,16.9,9,25.3,0,2286
20140526,19.4,12.2,26,2.5,2295
20140527,19.1,7.1,30.6,0,2249
20140528,18.9,10.4,31.4,1,2249
20140529,21.7,12,33.3,0,2236
20140530,22.5,11.6,34.6,0,2242
20140602,20.8,15.9,26.3,1.5,2224
20140603,17.6,15.8,20.7,13.5,2211
20140605,17.9,16.1,20.8,1,2211
20140609,18.9,16.7,24.5,0,2211
20140610,18.2,15.4,21.4,0.5,2243
20140611,17.9,14.1,22.3,0.5,2303
20140612,16.8,13.3,22.7,1.5,2349
20140613,18.4,14.5,25.2,2.5,2364
20140616,22.1,12.6,32.1,0,2367
20140617,20.5,16.6,27.1,0,2352
20140618,21,14.4,29,0,2352
20140619,21.4,13.5,29.8,0,2391
20140620,19.2,14.7,24,0,2383
20140623,19.5,15.6,27.3,13.5,2421
20140624,19.5,15.9,28.9,1.5,2455
20140625,21.4,15.2,30,0,2454
20140626,23.1,17.6,30.6,0,2488
20140627,22.8,16,30.8,0,2499
20140630,20.9,15.2,29.7,3.5,2527
20140701,22.1,18,31.7,16.5,2019
20140702,22,18.1,26.9,0.5,2019
20140703,20,19.1,22.2,23,1989
20140704,21.5,17.1,27.9,0,2010
20140707,22.3,18.4,28.8,0,2014
20140708,24.3,18.9,30.3,1,2002
20140709,24.6,21.7,29.2,0.9,2036
20140710,25.5,21.8,31.6,0.5,1849
20140711,25.5,20.3,32.8,0,1839
20140714,25.5,19.5,33.1,0,1843
20140715,22.6,16.9,27.6,0,1830
20140716,25.1,20.3,31.7,1,1824
20140717,23.9,19.3,30.4,1.5,1969
20140718,23.4,20.4,29.1,4.5,1956
20140721,26.5,18.3,35.2,0,1946
20140722,27.1,21.7,32.6,0,1950
20140723,25.8,22.8,30.2,0,1981
20140724,27.6,22.5,33,0.4,1967
20140725,28.7,23.1,36.4,0,1988
20140728,22.8,13.9,31.8,0,1988
20140729,24.2,19,31.1,0.1,2021
20140730,26.9,19.2,36.7,0,2046
20140731,25.1,21.5,33.8,7,2021
20140804,24.6,22.9,27.5,1.5,2036
20140805,26.5,22.7,32.5,1,1994
20140806,26.1,21.2,31.6,8,2790
20140807,21.1,19.5,22.9,17.5,2927
20140808,21.1,18,23.7,17.5,2933
20140811,22.2,18.2,28.7,2,2943
20140812,22.7,16.1,30.5,0,3002
20140813,20.8,17.9,25.9,1.5,2951
20140814,19.1,18,20.8,17.5,2967
20140818,19.7,17.4,21.2,79.5,2967
20140819,22.2,20.3,26.5,17.5,2973
20140820,22.4,20.7,24.8,6,2973
20140821,24.6,21.1,30.6,24.5,3002
20140822,23.2,18.9,28.9,0,2927
20140825,20.7,19.7,22,48,2927
20140826,22.7,19.7,28,0,2927
20140827,20.1,15.5,23.8,0,2797
20141027,11.5,4.8,19,0,2797
20141028,8.3,2.9,19.6,0,2797
20141029,8.3,3.1,19.8,0,2826
20141030,9.2,0.5,20.4,0,2933
20141031,10.7,7.4,12.2,16,2954
20141103,5.8,0.1,12.2,0,2922
20141104,5.2,-2.3,17.1,0,2936
20141105,6.4,-0.8,18,0,2914
20141106,8.6,2.3,17.6,0,2950
20141107,6.9,3.1,13.3,0.1,2942
20141110,5.1,-2.3,16.9,0,2915
20141111,5.9,0.9,15.2,0,2892
20141112,6.8,1.3,11.3,0.1,2902
20141113,1,-2.2,4.5,0,2841
20141114,2,-5.3,10,0,2809
20141117,3.1,-2.5,12.1,0,2787
20141118,1.4,-4.5,10.5,0,2787
20141119,0.6,-7,12.1,0,2787
20141120,1.9,-5.6,13.5,0,2813
20141121,3.4,-4.7,15,0,2800
20141124,7.4,6.1,8.8,38,2776
20141125,8.4,5.9,10.9,1.5,2757
20141126,6,1.5,13.4,0.1,2757
20141127,4.9,0.5,14.3,0,2748
20141128,5.3,0.9,9,1.6,2710
20141202,-4.4,-6.7,-1.1,0,2423
20141203,-1.1,-5.6,1.9,0.5,2405
20141204,-1.9,-5.8,2.1,0,2405
20141205,-4.2,-7.1,-0.4,0,2378
20141208,-3.4,-8.8,2.9,1,2378
20141209,-4.2,-10.8,4.8,0,2399
20141210,2.4,-5.3,10.1,0,2384
20141211,2.1,-2.3,5.4,0,2384
20141212,-1.2,-4.6,2.6,0,2390
20141215,-0.1,-4,4.3,0,2378
20141216,-2.5,-8,1.4,4,2378
20141217,-7.9,-10.3,-5,0,2339
20141218,-8.6,-13.2,-1.9,0,2335
20141219,-5.7,-15.3,0.9,0,2335
20141222,-4.2,-11.2,0.3,0,2303
20141223,-3.5,-11.1,4,0,2303
20141224,1,-4.8,7.3,1,2293
20141226,-6.1,-12.9,3,0,2308
20141229,-1.5,-8.7,6.8,0,2282
20141230,2.6,-4.4,8.5,0,2256
20141231,-2.5,-7.1,1.6,2,2256
20150102,-5.5,-10.1,-0.3,0,2260
20150105,0,-8,8.9,0.3,2260
20150106,1,-4.4,5.2,6.5,2260
20150107,-6,-11,-0.5,0,2294
20150108,-6.1,-14.3,1.6,0,2294
20150109,-3,-11.3,3.5,0,2294
20150112,-4.2,-10.5,5.1,0,2294
20150113,-2.8,-11.3,7.6,0,2294
20150114,0.5,-3.1,5.2,0,2294
20150115,0.7,-4.1,8.9,0,2304
20150116,-0.9,-7.3,5.6,0,2295
20150119,1.3,-4.7,6.1,0.5,2285
20150120,-1.7,-9.6,7.6,0,2302
20150121,1.5,-3.1,6.4,1,2322
20150122,1.7,-2.1,5,3,2383
20150123,-1.4,-4.9,5.1,0,2491
20150126,4.2,1.4,7.3,2.5,2491
20150127,0.6,-3.9,5.6,0,2462
20150128,-3.2,-8.3,3.1,0,2427
20150129,-1,-6.5,4.9,0.4,2479
20150130,-0.4,-4.8,3.2,0,2477
20150202,-2.4,-10.1,7.3,0,2466
20150203,-1.4,-8,8.4,0,2525
20150204,-0.7,-5.6,6.3,0,2521
20150205,-1.2,-6,5.2,0,2533
20150206,-1.6,-7.6,6.8,0,2588
20150209,-5.7,-13.2,-0.3,0,2619
20150210,2.4,-3.2,7.2,0,2629
20150211,2.4,-2.8,8.8,0,2609
20150212,-0.3,-4,3.8,0,2637
20150213,-1.6,-7.3,3.6,0,2513
20150216,2.6,1.5,3.7,5,2500
20150217,2,-1,5.1,0.4,2370
20150223,1.8,-2.1,8.1,0,2363
20150224,1.9,-3.5,8.8,0,2368
20150225,3.2,-3.7,12.7,0,2348
20150226,1.6,-2.5,7.5,0.2,2342
20150227,-1.9,-5.6,4,0,2352
20150302,1.2,-5.9,9.8,0,2336
20150303,1.1,-2.7,5.7,1,2291
20150304,-0.8,-4,3.6,0,2270
20150305,-1.2,-9.7,8.3,0,2279
20150306,1,-6.2,11.6,0,2196
20150309,3.5,-4.7,13.4,0,2196
20150310,-3,-7.6,2,0,2196
20150311,1.2,-4.1,6.8,0,2196
20150312,2.3,-4,8.8,0,2174
20150313,2.1,-4.2,11.5,1,2140
20150316,7,-3.6,20.1,0,2138
20150317,10.2,-2.2,22.3,0,2138
20150318,7.1,5.5,8.3,32,2124
20150319,11.2,5.9,20.5,0.5,2121
20150320,10.5,4.9,20.8,0,2130
20150323,4.8,-3.1,10.8,0,2130
20150324,3.3,-4.7,12.1,0,2150
20150325,4.4,-5.3,15.1,0,2148
20150326,6.5,-4.8,18.7,0,2144
20150327,7.8,-3.2,19.3,0,2194
20150330,12.2,0.1,23.7,0,2172
20150331,11.4,4.7,16.4,1.5,2135
20150401,9.3,7.1,12,3,2121
20150402,12,6.9,20.9,0,2024
20150403,15.1,6.6,21.9,0.5,1994
20150406,9.6,7.4,13.2,3.5,1978
20150407,5.8,4.5,8,0,1945
20150408,4.8,-0.3,9,0.1,1910
20150409,6.2,-1.2,16.2,0,1904
20150410,7.2,-0.2,18.8,0,1904
20150413,8.4,7.2,10.3,10.5,1890
20150414,8.4,5,14.8,17,1897
20150415,10.3,3.5,18.1,0.1,2031
20150416,10.6,2.7,24.2,7.5,2031
20150417,10.5,0.7,19.9,0,2009
20150420,9.5,6.4,12.5,10,2013
20150421,12.1,5.6,22.4,0,2000
20150422,12.9,5.2,22.4,0,1964
20150423,13.1,2.2,24.1,0,1945
20150424,14.6,5.6,24.6,0,1945
20150427,18.2,9.2,28.1,0,1916
20150428,16.6,6.1,25.3,0,1963
20150429,14,12,15.8,4.5,2024
20150430,15.9,10.9,23.5,0,2019
20150504,16.8,7.4,22.8,0,2525
20150506,13.5,3.2,24.9,0,2591
20150507,15.1,3.9,26.4,0,2591
20150508,15.7,5.2,25.1,0,2611
20150511,15.8,7.6,23.6,5.5,2634
20150512,16.5,12.3,21,8,2634
20150513,18.9,11.2,27.7,0,2634
20150514,19.2,7.1,28.9,0,2617
20150515,20,15.3,25.3,0,2622
20150518,14.2,10.5,19.9,0,2634
20150519,17,7.9,26,3.5,2634
20150520,14.9,8.4,23.7,0,2630
20150521,17.7,4.7,26.7,0,2630
20150522,20,10.4,28.7,0,2648
20150526,20.5,8.4,33.4,0,2638
20150527,20.4,7.8,33.2,0,2638
20150528,20.1,11.7,30.6,0,2638
20150529,21.1,8,32.1,0,2630
20150601,20,8.6,30.7,0,2630
20150602,20.6,13.8,29.8,0,2640
20150603,20,10.6,28.7,0,2612
20150604,18.8,6,30.2,0,2612
20150605,13.3,10.8,16.2,8.5,2607
20150608,18.4,10.8,26.3,0.1,2607
20150609,20.8,14.8,30.9,0,2607
20150610,22,12.4,32.7,0,2618
20150611,18.8,12,25.1,0,2618
20150612,22.5,15.1,31.5,0,2613
20150615,23.1,16.7,30.5,0,2613
20150616,21.2,15.8,30.4,0.3,2613
20150617,19.7,13.5,26.4,0,2613
20150618,20.4,14.8,24.6,0,2609
20150619,20.2,15.7,28.2,0,2597
20150622,21.7,16.4,30.4,27.5,2597
20150623,23.2,17.8,31.3,0,2557
20150624,20.9,16,28.8,0,2560
20150625,19.6,14.7,25,10,2560
20150626,20.1,17.5,22.3,46.5,2549
20150629,23.1,14.7,31.6,0,2549
20150630,20.9,17.5,25.6,5.5,2531
20150701,21.8,17.2,28.5,2,2528
20150702,21.9,14.6,29.2,0,2528
20150703,21.1,15.7,28.9,1,2555
20150706,20.3,16.1,26.4,0,2555
20150707,17.6,14.3,20.8,17,2549
20150708,19.1,16.3,22.4,23.5,2518
20150709,20.1,18.4,22.5,19.5,2518
20150710,22.2,18,29.3,0,2461
20150713,25.2,22.6,27.7,0.5,2461
20150714,25.5,19.9,31.4,0,2470
20150715,23.4,17.9,31.1,0,2470
20150716,19.9,15.1,25,0,2470
20150717,20.2,16.4,23.5,0,2513
20150720,21.2,17.8,24.5,5.5,2522
20150721,23.8,20.6,28.3,2.5,2522
20150722,25.1,20.9,31.2,0,2524
20150723,25.6,22,30.8,0,2507
20150724,27.1,23,31.1,0,2486
20150727,25.4,21.1,32,0.5,2486
20150728,26.4,21.2,33.6,0,2486
20150729,25,21.2,31.3,1.5,2460
20150730,28,22.4,35,0,2451
20150731,28.2,21.8,36.4,0,2468
20150803,27.9,21.2,36.4,0,2468
20150804,27.7,19.3,36.4,0,2468
20150805,27.5,19.9,36.5,0,2425
20150806,27.8,19.6,37.4,0,2450
20150807,26.2,19.1,37.1,5,2441
20150810,24.6,20.2,32.3,0,2441
20150811,24.3,21,29.5,0.1,2441
20150812,20.9,19.1,23.3,7,2409
20150813,23.3,18.6,31.2,0.4,2441
20150817,22.4,18.6,30.4,8.5,2441
20150818,22.7,17.5,29.8,0,2435
20150819,22.1,17.2,27.5,0,2437
20150820,22,19.8,26.1,1,2437
20150821,21.6,19.1,27.7,7.5,2437
20150824,22.9,19.6,26.6,6,2413
20150825,20.3,17.4,22.7,64,2431
20150826,21,16.9,27.1,0.2,2429
20150827,20.7,14.8,28.3,0,2428
20150828,21.9,16.6,28.8,0,2440
20150831,21.5,16.7,28,0,2423
20151104,6.3,-1.6,20,0,2101
20151105,8.4,0,20.6,0,2084
20151106,9.4,1.3,16.8,3.5,2122
20151109,11.5,10,14.2,1.5,2125
20151110,9.9,6.2,14.8,0,2132
20151111,9.8,5.9,18.2,0,2114
20151112,10.8,8,13.1,5.5,2146
20151113,11,9.5,12.3,17,2159
20151116,10.7,5.6,15.5,11.5,2162
20151117,12.7,11.2,14.5,0,2139
20151118,9.8,7.4,12.2,11.5,2172
20151119,9,7,11.9,0.5,2188
20151120,9,3.4,15.5,0,2188
20151123,11.1,9.7,14.4,5,2234
20151124,7.8,4.9,9.7,0,2242
20151125,4.7,3.9,5.6,1,2223
20151126,0.4,-2.4,4,0,2190
20151127,-0.5,-3.9,3.4,0,2165
20151130,2.8,-2.8,11.1,0,2193
20151201,1.9,-4.8,13.1,0,2193
20151202,4,-0.8,8.7,1,2162
20151203,2.3,-1.7,6.4,1.5,2162
20151207,3.3,-3.4,11,0,2152
20151208,4.9,0.3,12,0,2152
20151209,4.1,-0.6,11.9,0,2173
20151210,6.9,3.7,8.9,8,2173
20151211,5.8,-0.8,10.3,4,2165
20151214,4.9,-1.1,8.7,2.5,2096
20151215,6.3,2.7,9.2,1,2096
20151216,1.1,-2.2,4.1,0,2070
20151217,-4.2,-8.8,0.5,0,2012
20151218,-3.1,-11.3,5.3,0,2037
20151221,1.5,-1.4,7.1,0,2042
20151222,1.8,-1.2,8.3,0,2042
20151223,5.1,2.3,8.1,0,2015
20151224,3.5,0.1,7.5,0,2015
20151228,-4.6,-10.1,1.3,0,2015
20151229,-5.6,-12.6,4.2,0,2015
20151230,-3.6,-11.7,6.2,0,2015
20151231,-0.8,-6.3,5.4,0,2076
20160104,4,-3,10.1,0,2076
20160105,-1.3,-5.4,3.9,0,2076
20160106,-1.2,-7.9,4,0,2076
20160107,-0.5,-4.6,3.6,0,2076
20160108,-2,-6.8,3.1,0,2076
20160111,-4.2,-9.4,4.2,0,2059
20160112,-5,-13.9,3.5,0,2059
20160113,-2.1,-6.4,1.1,0,2059
20160114,-3.2,-8.4,2,0,2059
20160115,-4.2,-11.3,4.7,0,2059
20160118,-2.5,-8.9,1.6,0.1,1984
20160119,-9.1,-11.3,-6,0,2001
20160120,-10.1,-15.9,-3.9,0,2001
20160121,-8.2,-14,-0.7,0,2001
20160122,-6.4,-15.7,1,0,2001
20160125,-7.6,-14.1,-1.5,0,2001
20160126,-3.3,-11.3,2.2,0,1994
20160127,-0.7,-7.7,5.6,0,2003
20160128,-2.6,-10,2,0.5,2039
20160129,0.9,-0.8,4,7,2056
20160201,-3.9,-9.3,2.3,0,2056
20160202,-6.3,-13.4,2.8,0,2067
20160203,-5.2,-14.3,4.1,0,2067
20160204,-0.7,-8.3,4.9,0,2067
20160205,-1.6,-9.1,5.3,0,2072
20160211,3.1,-7.8,14.1,0,2072
20160212,6.2,2.3,11.1,9.5,2082
20160215,-4.4,-7.5,-0.9,0,2077
20160216,-1.9,-6.6,2.3,0,2077
20160217,-0.1,-7.1,5.7,0,2138
20160218,0.6,-6.3,8,0,2120
20160219,1.6,-4.1,7.4,0,2131
20160222,1.2,-4.8,8.5,0,2073
20160223,2.5,-3.2,8.8,0,2126
20160224,-1.8,-6.4,3.3,0,2130
20160225,-0.5,-6.9,4.7,0,2163
20160226,1.8,-1.5,5.9,0,2175
20160229,-2.5,-6.2,1.1,0,2426
20160830,18.7,13.6,25.2,0.5,2121
20160831,19.5,16.2,25.5,3,2140
20161021,13.8,12.4,15.2,0,2113
20161024,10.5,6.3,17.8,0,2117
20161025,12.1,8,16.7,6,2043
20161026,13.8,9.2,18.4,0,2028
20161027,12.4,8.5,17.4,0,1995
20161028,12.5,10.3,15.2,10,1975
20161031,6.5,1.4,8.9,0,1952
20161101,2.6,-3.5,9.7,0,1943
20161102,1.6,-5.7,10.8,0,1900
20161103,4.7,-1.1,13.6,0,1902
20161104,5.7,-1,16.3,0,1888
20161107,10.7,7.9,15.1,0,1888
20161108,7.8,1.3,12.7,0.5,1873
20161109,2.4,-3.6,10.4,0,1848
20161110,6.3,0.5,13.2,0,1848
20161111,6.9,0.8,14.3,0,1825
20161114,11.3,5.5,18.8,0,1825
20161115,9,0,15.9,0,1821
20161116,3.6,-3.5,13.7,0,1808
20161117,5,-1.6,14.9,0,1798
20161118,7.2,0.7,14.1,9,1804
20161121,9.2,3.7,15.7,0,1804
20161122,6.3,2.7,9.3,0,1804
20161123,3.5,0,9,0,1804
20161124,-0.7,-4.7,5.2,0,1808
20161125,-1.7,-7.1,5.5,0,1845
20161128,1.1,-3.8,7.1,0,1826
20161129,1.4,-6.8,10.1,0,1817
20161130,6.2,2.2,10,1.5,1813
20161201,5.3,-3.1,10.4,0,1814
20161205,5.1,-4,12.8,0,1832
20161206,0,-7.4,6.2,0,1836
20161207,-3.9,-9.7,2.8,0,1832
20161208,-0.4,-6.9,8.2,0,1832
20161209,2.2,-4,7.9,1,1831
20161212,0.5,-7,10.1,0,1808
20161213,3.9,-1.3,10.8,0,1808
20161214,1.2,0,2.8,1,1811
20161215,-1.2,-5.3,1.7,0,1834
20161216,-3.4,-9.5,1.6,0,1847
20161219,4.2,-2.4,8.8,0,1832
20161220,6.4,0.4,13.6,0,1832
20161221,7.2,0.5,15.3,11.5,1832
20161222,10,4.2,17.3,8.5,1833
20161223,1.1,-1.4,4.3,0,1819
20161226,3.2,1.5,4.6,16.5,1831
20161227,0.2,-4.8,3.6,1.5,1811
20161228,-3.1,-8.8,4.1,0,1793
20161229,-2,-5.8,1.9,0,1804
20161230,-3.2,-11.1,3.1,0,1840
20170102,2.3,-6.1,10.7,0,1840
20170103,1.4,-3.7,8.4,0,1840
20170104,0.9,-4.2,10,0,1838
20170105,1.2,-4.7,5.5,0.5,1839
20170106,2.8,-2,6.8,0,1856
20170109,3.6,-4,8.1,0,1856
20170110,-0.8,-5.1,3.7,0,1846
20170111,-2.7,-7.4,2.1,0,1847
20170112,0.2,-3.1,5.5,0,1848
20170113,-3.2,-6.5,1.8,0,1841
20170116,-6.5,-14.9,4,0,1841
20170117,-5.1,-12.9,5,0,1763
20170118,-3.3,-10.3,4.4,0,1710
20170119,-2.9,-10.2,6.5,0,1710
20170120,-3.7,-8,0.3,0,1770
20170123,-7.3,-11.3,-2,0,1786
20170124,-8.2,-16,0.7,0,1896
20170125,-7.5,-16.3,3.1,0,1997
20170126,-4.7,-15.3,6.3,0,2196
20170131,-4.2,-12,3.7,0,2196
20170201,-1.4,-5.1,4.6,0,2239
20170202,-1.9,-11.1,6.3,0,2239
20170203,-1.3,-9,8.1,0,2239
20170206,-0.1,-6,5,0,2239
20170207,-2.6,-10.3,6.3,0,2239
20170208,-0.5,-8,6,0,2218
20170209,-2.7,-7.3,2.1,0,2218
20170210,-5.2,-9.8,-0.9,0,2162
20170213,-2.1,-12,6.7,0,2131
20170214,-0.9,-6.5,6.8,0,2113
20170215,-0.7,-10.2,10.8,0,2113
20170216,3.8,-7.8,15,0,2111
20170217,6,-3.9,11.5,0.5,2096
20170220,2.9,-4.9,8.2,6.5,2090
20170221,-1,-9.3,7.6,0,2066
20170222,1.7,-2.7,3.7,14.5,2043
20170223,1,-2.7,3.9,0,1980
20170224,-0.5,-6.8,5.6,0,1906
20170227,0.8,-5.9,10.3,0,1876
20170228,2.1,-5.5,12.7,0,1872
20170302,2.9,-0.7,7.1,0,1872
20170303,2.2,-6.1,11.6,0,1840
20170306,3.3,-1.4,7,0,1840
20170307,-0.4,-3.3,4.2,0,1812
20170308,-0.3,-5.1,4.7,0,1806
20170309,4.2,-1.8,10.6,0,1806
20170310,3.8,-4.1,11.9,0,1850
20170313,5.3,-1.1,14.8,0,1850
20170314,3.6,-0.4,11.5,0.5,1850
20170315,2.6,-2.3,11.2,0,1844
20170316,3.3,-5,13,0,1844
20170317,4.5,-5.1,15.6,0,1845
20170320,6.4,-3.3,15.1,0,1856
20170321,4.6,-1.9,13.4,2,1856
20170322,5,-3.3,14.6,0,1861
20170323,7.1,0.5,15.6,0,1861
20170324,5.4,0,12.1,0,1840
20170327,4,0.1,9.6,2,1843
20170328,5.1,-1.6,13.1,0,1836
20170329,8.4,3.1,15.9,0,1836
20170330,8.1,0.1,19.7,0,1831
20170331,6.7,4.9,8.7,3,1821
20170403,8.6,-2.4,20.7,0,1823
20170404,11.2,-1.1,22.6,0,1823
20170405,12.3,6.6,17.4,3,1797
20170406,14.7,10.6,18.4,12.5,1796
20170407,11.9,6.3,21.6,0,1797
20170410,9.7,3.2,16.1,0,1793
20170411,10.1,6.7,17.6,23,1793
20170412,11.7,6.1,18,0,1798
20170413,12.5,1.2,20.3,0,1791
20170414,13.6,3.4,22.1,0,1774
20170417,10.7,8,12.7,24,1763
20170418,13.7,7.2,22.8,3,1777
20170419,12.9,7.6,20,0,1777
20170420,10.8,6.3,19,0.1,1815
20170421,11,3.2,20.5,0,1829
20170424,14.9,3,24.9,0,1862
20170425,16.7,9.7,23.4,0,1862
20170426,11.9,5.2,18.7,2,1838
20170427,10.4,2.1,19.9,0,1838
20170428,14.5,0.9,24.4,0,1833
20170502,13.3,2.3,23.7,0,1836
20170504,18,4.8,28.5,0,1834
20170508,17.9,6.6,26.6,0,1834
20170510,14.8,12,19,0.1,1827
20170511,16.4,9.1,23.8,0,1827
20170512,15.5,11.6,20.9,0,1809
20170515,14.8,7.2,22.4,0,1809
20170516,14.6,7.6,22.4,0,1823
20170517,15.4,9.6,24.8,1.5,1786
20170518,17.7,8,27.6,0,1788
20170519,20.8,9.9,30.8,0,1765
20170522,18.1,8.3,29.6,0,1765
20170523,18.1,9.2,27.1,0,1764
20170524,17.2,13.3,24.7,6.5,1750
20170525,20,12.5,29.6,0,1763
20170526,14.4,8.4,20.8,0,1786
20170529,24.1,14,34.4,0,1786
20170530,21.2,13.5,30.4,0,1796
20170531,20.3,12,29.1,0,1797
20170601,18,12.7,29.4,1,1807
20170602,16.9,11,26.1,0,1821
20170605,16.3,7.1,25.2,0,1881
20170607,18.2,14.5,22,0,1886
20170608,20.1,14.3,27.6,0,1886
20170609,22.3,12.2,30.8,0,1904
20170612,16.2,8.8,23.7,0,1905
20170613,16.9,10.2,27.5,0.5,1891
20170614,19.1,12.5,28.3,0,1873
20170615,21.7,10.9,32.5,0,1891
20170616,19,12.1,26.1,0,1966
20170619,24.5,14,35.3,0,1966
20170620,22.9,15.3,31.5,0,1975
20170621,22.3,16.5,30.4,0.2,1967
20170622,22.4,14.5,31.4,0,1971
20170623,23.4,14.8,32.6,0,1961
20170626,20.6,17.2,25.4,0,1969
20170627,22.4,15.9,28.1,0,1989
20170628,23.3,16.7,30.8,0,2066
20170629,23.5,17.1,31.6,0,2072
20170630,26.2,17.1,34.3,0,2111
20170703,24.5,21.9,28.6,50.5,2042
20170704,24.1,21.2,31.1,6.5,2058
20170705,24.3,19.6,31.7,0,2052
20170706,24.1,18.4,33.4,0.5,2071
20170707,25.2,20.8,30,0.2,2071
20170710,27.1,22.3,31.1,0,2071
20170711,26.6,20.8,32.3,1,2035
20170712,25.9,19.2,33.9,0,2048
20170713,26.4,19,35.1,0,2048
20170714,26,19.1,34.3,54,2064
20170717,25.1,20.4,31.8,1.5,2070
20170718,24.9,20.3,30.7,0,2082
20170719,26.2,21.5,33.1,0,2058
20170720,26.8,20.8,34,0,2031
20170721,27.6,21.6,34.1,0,1996
20170724,26.4,24.2,31.9,9,1997
20170725,23.3,19.7,24.9,47,1953
20170726,22.6,16.2,28.2,0,1953
20170727,23.1,15.2,32.5,0,1941
20170728,23.6,17.7,31.2,77,1873
20170731,23.5,21.7,25.4,15,1928
20170801,25.3,21.8,31.9,7,1971
20170802,24.5,19.9,31.3,0,2171
20170803,23.7,19.2,30.4,0,2150
20170804,26.3,20.6,33.3,0.1,2150
20170807,26.7,22,34.6,0,2170
20170808,26.9,21.1,33.6,0,2194
20170809,24.4,22.7,28.7,5,2221
20170810,23.6,21.7,26.1,16,2263
20170811,24.4,19.5,30.3,1,2263
20170814,21.8,20.3,24.4,19,2263
20170816,22.6,20.8,27.6,10.5,2263
20170817,22.9,20.3,27.1,1,2280
20170818,24.2,20,31.9,0,2264
20170821,25.1,21.5,31.7,2.5,2268
20170822,26.1,21.9,33.1,0,2268
20170823,26.3,21.9,34.5,6,2252
20170824,27,22.3,33.1,8.5,2249
20170825,24.7,17.9,32.1,0,2231
20170828,22.5,15.2,30.1,1.5,2231
20170829,23.1,16.3,30.3,3,2231
20170830,18.1,14,22.9,0,2221
20170831,18.7,12.5,28.7,0,2250
20171101,9,1.2,17.3,0,2250
20171102,10.4,5.6,19.6,0,2262
20171103,9.9,4,18.3,0,2236
20171106,5.3,-3.1,17.8,0,2199
20171107,8.7,-0.4,18.3,0,2209
20171108,11.8,3.5,19.6,0,2209
20171109,6,-1.3,17.6,0,2178
20171110,9.6,0.5,19.6,0,2205
20171113,4.7,-4.3,14.1,0,2205
20171114,9.1,3.6,13.7,0,2189
20171115,4,-1.6,9.4,0,2189
20171116,1.1,-4.6,7.8,0,2189
20171117,1.8,-7.5,11.6,0,2225
20171120,1.8,-2.7,7.3,0,2225
20171121,-0.5,-7,9.6,0,2215
20171122,1.9,-5.1,8.9,0,2239
20171123,0.6,-5.6,5.5,0,2239
20171124,0.2,-3.3,3.5,0.5,2239
20171127,2.2,-3.6,13.2,0,2239
20171128,3.7,-2.3,13.6,0,2239
20171129,5.5,-1,12.8,0,2239
20171130,2,-2.8,6.9,0,2239
20171204,0.9,-3.7,6.4,0,1910
20171205,-3.7,-7,0.4,0,1922
20171206,-3.2,-9.3,4.4,0,1926
20171207,0.2,-6,5.7,0.1,1927
20171208,-2.8,-6.1,1.2,0,1907
20171211,-4,-8.7,1,0,1900
20171212,-8.1,-14.2,-3,0,1931
20171213,-6.9,-12.6,0.1,0,1931
20171214,-6.7,-16.3,3.3,0,1943
20171215,-2.8,-11.7,4.9,0,1955
20171218,-2.3,-11.5,4.8,0,1928
20171219,-2.1,-7.1,2.8,0,1913
20171220,-5.4,-13.2,3.2,0,1921
20171221,-3.3,-10.6,5.5,0,1845
20171222,-2.7,-10.8,7.1,0,1857
20171226,-1.5,-6.3,3.2,0,1854
20171227,-5.5,-10,-0.4,0,1882
20171228,-5.7,-12.2,2,0,1885
20171229,-0.6,-8.3,7.3,0,1910
20180102,-1.8,-9.6,4.7,0,1954
20180103,-4.2,-9.7,2.2,0,1971
20180104,-3.7,-10.8,3.3,0,2009
20180105,-0.7,-3.9,5.1,0,2025
20180108,0,-3.8,2.7,0.5,2100
20180109,-2.3,-3.9,0.5,0.5,2100
20180110,-5.3,-9.6,-2.7,1.5,2109
20180111,-9.7,-12,-5.6,0,2105
20180112,-10.5,-14.2,-5.2,0,2105
20180115,0.5,-7.1,10.3,0,2083
20180116,1.8,-5.2,11,2.5,2083
20180117,3.3,1.2,6.7,8,2070
20180118,3,-1.9,7.1,0,2046
20180119,-1.6,-6.1,6,0,2049
20180122,2,-1.9,6.1,0.1,2068
20180123,-7,-11.1,2,0,2080
20180124,-11.3,-14.9,-7.4,0,2091
20180125,-11.3,-17.6,-5.5,0,2104
20180126,-12.5,-17.1,-6.6,0,2104
20180129,-7.3,-10.8,-3.1,0,2161
20180130,-6.9,-15,0.1,0,2161
20180131,-1.7,-9.7,4.4,0,2159
20180201,-4,-10.4,4.9,0,2142
20180202,-5.4,-12.6,4,0,2137
20180205,-8.4,-12.6,-3.7,0,2137
20180206,-9.2,-14.3,-4.6,0,2143
20180207,-9.7,-18.1,-1,0,2152
20180208,-7.7,-17.4,3.5,0,2133
20180209,-1.5,-12.6,10.1,0,2177
20180212,-5.7,-9.7,-1.8,0,2184
20180213,-3.1,-7.8,3.5,0,2184
20180214,1.8,-11.8,12.9,0,2186
20180219,0.5,-6.9,9.6,0,2186
20180220,1.1,-9.1,9.1,0,2150
20180221,-1.2,-8.6,6.2,0,2113
20180222,-3.5,-12.5,6.8,0,2113
20180223,1.3,-8.5,9.3,0,2048
20180226,0.7,-8.8,12,0,2068
20180227,3.1,-6.8,13.6,0,2016
20180228,4.6,-0.9,8.3,16,2016
20180302,-0.2,-7.6,8.8,0,2018
20180305,2.9,0.2,10.3,20.5,2075
20180306,2,-3,9.3,0,2079
20180307,1.9,-2,5.2,3,2047
20180308,0.7,0,2.2,23.5,2043
20180309,1.1,-1.3,5,0,2073
20180312,6.2,-3.9,18.4,0,2067
20180313,9.9,-1.3,20.4,0,2067
20180314,12.8,3.3,22.9,0,2072
20180315,11.9,6.3,17.6,1.5,2072
20180316,1.5,-4.1,6.3,0.5,2067
20180319,6.1,3.2,9.5,33,2025
20180320,3.2,1.2,6.2,0,2025
20180321,0.8,-0.3,2.5,11.5,2025
20180322,3.1,-1.7,11.4,0,2020
20180323,4.5,-3.5,14.4,0,2016
20180326,10.8,-0.3,20.8,0,2036
20180327,13.7,3,21.4,0,2038
20180328,15.1,6,23.5,0,2058
20180329,12.7,4.6,22.3,0,2038
20180330,9.1,2.4,16.6,0,2038
20180402,16.9,9.2,25.3,0,2013
20180403,18.1,8.7,25.9,0,2031
20180404,8.4,6,17,15,2038
20180405,6.1,5.5,7.2,12.5,2058
20180406,7.5,2.5,13.5,23,2054
20180409,9.9,3.3,17.6,0,2060
20180410,13.5,-0.3,23.8,0,2070
20180411,16,10.3,21.1,1,2066
20180412,12,0.9,21.7,0,2066
20180413,9.7,1.4,17.1,0,2047
20180416,8.9,1.6,17.4,0,1999
20180417,11.2,4,20.8,0,1984
20180418,12.2,2,23.1,0,1975
20180419,14.6,2.3,25.7,0,2006
20180420,16.9,4.7,29.8,0,2006
20180423,9.7,8.4,12,48,2006
20180424,9.7,4.5,13,13.5,2021
20180425,10,1,20.8,0,2040
20180426,12.6,1,23.9,0,2071
20180427,14.4,7.4,22.6,0,2077
20180430,17.3,8.3,26.8,0,2077
20181030,4.7,-0.8,12.3,0,2507
20181031,4.2,-2.2,13.7,0,2507
20181101,3.8,-2.7,15.1,0,2470
20181102,5.2,-2.9,17.3,0,2470
20181105,8.4,-1.1,20.1,0,2470
20181106,10.6,5.6,19.6,0,2470
20181107,10.9,6.3,14.4,0.5,2466
20181108,13.6,11.1,17.2,28,2458
20181109,10.3,3.8,16.7,0,2458
20181112,7.4,3.1,14,0,2458
20181113,7.6,3.4,13.4,3.5,2458
20181114,6.8,2.3,14.3,0,2414
20181115,5.4,1,14.8,0,2445
20181116,4.4,0,12.5,0,2445
20181119,4.5,-2.3,12.1,0,2466
20181120,2.9,-2.7,12.4,0,2466
20181121,4,-3.8,12.4,0,2466
20181122,2,-2.6,6.9,0,2361
20181123,-1.4,-7.1,6,0,2361
20181126,2.3,-2.7,13.2,0,2361
20181127,4.6,-3.9,13.6,0,2400
20181128,2.7,-3.3,10.5,0,2458
20181129,2.6,-5.5,11.6,0,2432
20181130,2.3,-3.8,11,0,2432
20181203,10.5,4.8,15.4,1,2421
20181204,11,5.5,14.3,14,2421
20181205,4.8,-2.1,10,0,2443
20181206,3.9,1.6,6,1,2477
20181210,-5.2,-13.1,4.9,0,2477
20181211,-1.7,-6.8,0.8,4,2527
20181212,-3.7,-9.8,0.9,0,2495
20181213,-4.2,-12.5,3,0.5,2458
20181214,-6.5,-12,0.9,0,2452
20181217,1.3,-4.7,6,0,2451
20181218,-0.3,-5.8,6.4,0,2536
20181219,2.5,-4.7,10.3,0,2583
20181220,0.3,-5.1,8.6,0,2699
20181221,1.1,-7.1,12.7,0,2695
20181224,-3.1,-7.9,3.8,0,2566
20181226,1.1,-3.4,6.7,0,2565
20181227,-5.3,-10,0.1,0,2562
20181228,-8.8,-12.7,-3.8,0,2490
20181231,-6,-15,4.4,0,2433
20190102,-4.4,-11.7,2.4,0,2458
20190103,-5.5,-12.7,3.4,0,2455
20190104,-2.8,-12.7,5.2,0,2416
20190107,-3.1,-12.8,4.3,0,2423
20190108,-0.8,-4.3,3,0,2416
20190109,-6.3,-12.8,0.9,0,2341
20190110,-0.6,-9.1,5.2,0,2365
20190111,-1,-9,7.9,0,2345
20190114,-0.8,-3.1,4.2,0,2302
20190115,0.1,-4.3,4.8,0,2269
20190116,-4.5,-9.4,0.5,0,2273
20190117,-0.8,-5.5,4.1,0,2265
20190118,-2.4,-9.9,6.8,0,2263
20190121,-0.4,-6.8,4.8,0,2263
20190122,1.7,-6.6,7.8,0,2220
20190123,2.1,-4.6,8.9,0,2189
20190124,-2.6,-9.2,6.9,0,2169
20190125,-2.7,-9.9,4.9,0,2216
20190128,1.5,-5.9,6.4,0,2197
20190129,-2.6,-10.9,7.7,0,2172
20190130,1.6,-5.8,10,0,2172
20190131,-0.5,-6.9,4.3,0.5,2219
20190201,-2.6,-11.4,3.6,0,2191
20190207,1.9,-3.5,7.1,0,2240
20190208,-2.5,-6.8,4,0,2229
20190211,-1.6,-6.6,3.3,0,2229
20190212,-2.7,-10.6,4.4,0,2229
20190213,-1.9,-7.5,4.5,0,2224
20190214,-1.3,-5.6,3.7,0,2224
20190215,1.5,-3.6,7.2,0,2224
20190218,0.7,-8.7,9,0,2224
20190219,1.6,-0.1,4.1,15.5,2238
20190220,1,-3.5,5.8,0,2303
20190221,0.2,-5.9,9.2,0,2327
20190222,2.4,-4.3,11.7,0,2327
20190225,4.7,-1.2,13.6,0,2327
20190226,3.5,-3.5,12.7,0,2297
20190227,6,0.9,12.5,0,2297
20190228,6,-0.6,13.4,0,2297
20190304,6.8,1,15.1,0,2312
20190305,6.3,-2.5,14.5,0,2312
20190306,8.6,4,15.1,1,2312
20190307,5.3,0.8,10.9,9,2302
20190308,3.8,-2.3,14.2,0,2286
20190311,5.8,0.9,12.2,0,2325
20190312,5.2,-0.6,12.8,2,2297
20190313,2.5,-2.3,7.4,0,2297
20190314,2,-6.4,10.6,0,2266
20190315,4,-2.6,11.3,6,2266
20190318,4.9,-4.5,14.1,0,2233
20190319,8.6,-1.6,19.1,0,2198
20190320,9.4,0.8,19.4,4.5,2198
20190321,10,4.4,13.7,1,2212
20190322,5,0.7,10.6,0,2149
20190325,6.2,-2.7,14.5,0,2152
20190326,8.5,0.2,17.8,0,2170
20190327,11.6,-1.5,22.2,0,2175
20190328,7.4,2,13.2,0,2223
20190329,8.1,0.5,16.8,0,2298
20191030,7.3,1.3,17,0,2011
20191031,10,-0.1,20,0,1969
20191101,11.9,6.4,21.4,0,2028
20191104,9.7,3.3,16.8,0,2008
20191105,7.9,1.7,17.9,0,2013
20191106,8,2.3,17.8,0,2042
20191107,9.2,2.1,16.7,0,2005
20191108,5,-0.7,15.1,0,2064
20191111,10,3.6,15.3,0,2064
20191112,6.7,1.5,16.3,0,2094
20191113,6.9,1.6,12.8,0,2050
20191114,1.6,-4.5,8.5,0,2007
20191115,3.8,-6.5,15,0,1998
20191118,8.3,1.8,18.4,11.5,1998
20191119,2.3,-1.2,5.9,0,2005
20191120,-0.2,-5.5,7.8,0,2034
20191121,2.5,-7.1,12.8,0,1996
20191122,6.5,-1.3,16.9,0,1985
20191125,6.9,5.5,12,0,2002
20191126,6,0.9,12,0,1983
20191127,4.2,-0.3,10.1,0,2029
20191128,3.5,-1,9.1,0,2029
20191129,1.5,-3,8.7,0,2093
20191202,2.6,-0.9,5.1,0.1,2104
20191203,1.2,-5.5,6.3,0,2142
20191204,2.7,-2.9,8.2,0,2034
20191205,-1,-5.1,3.5,0,2007
20191209,-1.5,-9.6,9,0,1953
20191210,1,-5.6,11.9,0,1876
20191211,4,-3,14.8,0,1858
20191212,-0.2,-6.1,4.8,0,1804
20191213,-1.9,-9.3,7.4,0,1812
20191216,3.1,-4.5,13.1,0,1802
20191217,6,-1.6,11.6,0.2,1838
20191218,4.5,0.3,9.4,0,1838
20191219,1.4,-2.9,7.1,0,1835
20191220,-1.4,-5.5,4.9,0,1817
20191223,-0.6,-6,7.4,0,1821
20191224,-1,-6.5,8.5,0,1832
20191226,1.3,-0.5,3.3,1,1821
20191227,-1.4,-5.5,3.7,0,1833
20191230,3.7,0.5,8,1.5,1833
20191231,-4.8,-7.7,0.6,0,1829
20200102,-0.9,-8,5.2,0,1829
20200103,0.4,-5.1,6.4,0,1814
20200106,-0.6,-5.9,2.7,7,1798
20200107,5.2,1.2,13.1,39,1785
20200108,5.7,3,14.1,1.5,1785
20200109,0.2,-4.3,4.4,0,1775
20200110,-1.9,-7,6.7,0,1775
20200113,-0.6,-3.1,2.9,0,1775
20200114,-1.5,-5.9,3.8,0,1778
20200115,-3.9,-9.6,2.8,0,1774
20200116,-3.6,-9.6,5,0,1749
20200117,-2.1,-7.7,6.9,0,1749
20200120,1.7,-2.1,5.5,0,1749
20200121,-1.3,-7.7,6.6,0,1754
20200122,0.8,-3.7,4,0.5,1758
20200123,3.5,0.8,7.6,5,1771
20200128,4.9,-0.2,9.1,5,1769
20200129,3.1,-0.8,9.6,0,1767
20200130,1.1,-2.8,5.6,0.2,1787
20200131,1.3,-3.1,6.6,0,1833
20200203,0.5,-5.2,5.1,0,1833
20200204,-1.5,-9.4,5.2,0,1884
20200205,-3.4,-8,1.4,0,1884
20200206,-5.2,-12.9,3.7,0,1884
20200207,-2.1,-9.7,5,0,1864
20200210,1.6,-4.3,9.7,0,1857
20200211,2.7,-7.4,14.1,0,1862
20200212,3.6,0.6,6.1,6,1862
20200213,7.8,0.5,13.4,0,1852
20200214,6.2,0.1,17.5,0,1882
20200217,-3.8,-6.5,-0.6,0,1937
20200218,-3.1,-8.5,2.9,0,1947
20200219,0.4,-6.7,8.9,0,1893
20200220,2.5,-4.5,12.5,0,1889
20200221,5.1,-5.1,14.7,0,1916
20200224,4.9,-6,15.4,0,1920
20200225,4.7,2.8,6.5,43,1883
20200226,6,3.5,11,0.5,1952
20200227,2.7,-2,7.1,0,1939
20200228,1.3,-2.9,6,0,1858
20200302,4.3,-1.1,10.1,0.5,2752
20200303,3.8,-3,11,0,2714
20200304,3.6,-0.8,8.3,0,2714
20200305,0.8,-5.3,8.4,0,2714
20200306,1.5,-8.6,12.6,0,2703
20200309,7.1,-1.6,15.6,0.5,2675
20200310,7.5,5.1,9.9,9.5,2675
20200311,3.6,-1.9,9.1,0,2664
20200312,4.9,-5.5,14.8,0,2664
20200313,7.2,1.5,13.5,0,2635
20200316,3,-4.5,10.6,0,2640
20200317,7.3,-1.2,13.5,0,2627
20200318,7.1,-1.6,17.9,0,2577
20200319,6.8,-1.4,19.8,0,2598
20200320,8.2,1.6,16.1,0,2569
20200323,6.9,-2.1,17.7,0,2557
20200324,6.9,-1.7,17.5,0,2551
20200325,9.5,-2,21,0,2537
20200326,12.7,3.9,22.3,0.5,2521
20200327,11.8,6.7,16.1,3.5,2475
20200330,8.6,1.6,18,0,2455
20200331,9,0,20.1,0,2405
20200401,10.2,5.2,18.7,0,2404
20200402,7.6,-1.1,17.5,0,2404
20200403,9.8,-0.5,18.9,0,2382
20200406,7.4,-4,18.1,0,2382
20200407,11.7,0.9,19.7,0,2362
20200408,8.6,1.1,16.7,0,2366
20200409,7,-2.4,16.3,0,2349
20200410,8.4,4.6,14.8,0,2333
20200413,6.9,0.1,15.2,0,2311
20200414,9.6,-3.2,22.3,0,2305
20200416,9.9,2.7,17.9,0,2291
20200417,9.5,5.6,15.3,13,2291
20200420,10.6,7.9,16.2,1,2291
20200421,8.6,3.8,14.1,0,2280
20200422,5.9,2.4,10.9,0,2267
20200423,7.7,2,14.2,0,2264
20200424,8.9,2.5,15.9,0,2263
20200427,9.1,0.9,18,0,2256
20200428,12.5,1,20.2,0,2272
20200429,14.7,4,24.6,0,2264
20200504,19.2,13.2,28.2,0,2224
20200506,15.1,7.9,25,0,2224
20200507,12.5,4.8,21.4,0,2194
20200508,16,3,25.8,0.5,2183
20200511,17.8,9.9,25.1,0,2191
20200512,16.1,8.3,23.9,0,2175
20200513,15.8,5.4,23.5,0,2184
20200514,16.5,5.2,26.5,0,2167
20200515,13.4,12.4,15.4,13.5,2172
20200518,17.5,15.2,22.1,4,2177
20200519,13.2,10.9,16.9,4,2195
20200520,11.4,5,17,0,2195
20200521,13.5,7.2,21.4,0,2193
20200522,15,11,21.7,0,2150
20200525,17.2,10.8,23,0,2137
20200526,18.5,11.6,26.3,0,2129
20200527,18.2,11.7,25.8,0,2115
20200528,16.7,8.1,26.4,0,2108
20200529,17.1,7.2,26.7,0,2095
20200601,20.8,13.1,26.6,0,2101
20200602,19.5,9.3,28.6,0,2096
20200603,21,12.9,29.6,0,2084
20200604,23.8,15.2,33,0,2072
20200605,22.7,17,32.1,0,2072
20200608,23.7,12.4,34.6,0,2055
20200609,25.5,15.3,36.4,0,2052
20200610,25.5,16,34.6,1,2052
20200611,23.8,19.5,32,31.5,2029
20200612,22.7,18.1,29.4,8.5,2029
20200615,22.3,14.7,28.6,0,2029
20200616,21.1,14.3,29.1,0,2036
20200617,20.6,12.4,28,0,2043
20200618,18.6,15.2,21.6,0.1,2078
20200619,20.5,15.1,28.5,0,2056
20200622,22,10.7,33.2,0,2045
20200623,22.6,12.7,31.6,0,2043
20200624,20.4,17.5,25.2,4.5,2045
20200625,22.1,18.7,26.3,1.5,2029
20200626,22.3,19.2,27.2,0,2027
20200629,20.4,15.6,25.5,28,2011
20200630,20.8,17.9,24.6,8.5,1996
20200701,19.3,15.6,24.7,1,2007
20200702,20.2,14.8,28.5,0,2007
20200703,18.4,14.6,22.1,1.5,2018
20200706,22,17.1,28.6,4.5,2005
20200707,23.3,19,29.6,0,2005
20200708,22.7,17.9,29.5,0,1986
20200709,23.2,17.4,29.6,0,1986
20200710,22.3,20.1,26.2,21.5,1986
20200713,18,16.4,19.9,87,2008
20200714,19,17,21.5,0.5,2016
20200715,18.1,14.7,22,0.5,1974
20200716,20.3,14.1,28.6,0,1964
20200717,20.3,13.3,28.5,0,1971
20200720,26.7,22.5,31.1,1,1980
20200721,24.8,20.3,31.4,0.1,1964
20200722,21.7,20.2,23.8,27,1965
20200723,20.1,19.1,21.9,71.5,1966
20200724,20.2,18.8,23.4,23,1972
20200727,21.2,19,25.6,7,1959
20200728,21.5,20.1,24.8,20.5,1959
20200729,22.1,20.3,24.9,21.5,1978
20200730,21.2,19.9,24.2,63.5,1953
20200731,24.6,19.5,30.5,0,1979
20200803,25.6,22.2,31.7,0,2790
20200804,26.4,20.9,33.1,0,2785
20200805,25.8,22.2,32.5,2,2785
20200806,26.3,23.3,30.8,12,2789
20200807,22.4,21,25.2,29,2778
20200810,25.5,23.1,30,39,2791
20200811,25,21.9,31.6,14.5,2820
20200812,26.4,22.8,30.9,0.5,2812
20200813,27.5,23.9,33.9,0,2769
20200814,27.5,22.4,33.1,0,2769
20200818,26.3,21.6,33.4,0,2769
20200819,26.5,20.8,34.4,0,2673
20200820,26.2,20.9,34.9,0,2657
20200821,24.7,20.2,32.8,0,2642
20200824,24.9,19.6,33.2,0,2648
20200825,27,21.8,34.3,0,2635
20200826,26.1,22.3,30.9,28.5,2640
20200827,26.8,23.8,31.7,3,2640
20201023,7.9,1.5,15.1,0,2662
20201026,8.6,0.6,20.6,0,2678
20201027,9.3,1.9,21.1,0,2678
20201028,10.9,4,20.3,0,2678
20201029,7.2,-0.2,17.9,0,2678
20201030,7.6,1.5,18.2,0,2678
20201102,9.8,0.4,16.6,0,2711
20201103,4.4,-1.2,8.9,0,2711
20201104,2.3,-4,11.5,0,2711
20201105,5.5,-6,17.1,0,2715
20201106,9.5,5.3,16.6,0,2715
20201109,4.8,-4.3,10.9,0,2715
20201110,3.7,-3.1,12.9,0,2707
20201111,4.5,-4.7,17.4,0,2698
20201112,5.3,-2.9,17.5,0,2714
20201113,6.3,-2.6,18,0,2714
20201116,8.5,1.2,20.4,0,2751
20201117,12.1,3.5,22,0.5,2777
20201118,16.2,11.7,23,0.1,2792
20201119,16.6,10.7,22.2,44.5,2958
20201120,6.6,2.2,10.7,0,2958
20201123,2.2,-3.1,8.5,0,2960
20201124,1.9,-3.5,9.7,0,2953
20201125,2.6,-4,10.7,0,2971
20201126,5.2,-1.7,12.5,0,2960
20201127,4.7,0.7,9.9,0,2978
20201130,-0.1,-5.4,6.1,0,2978
20201201,-1.9,-8.6,7.9,0,2958
20201202,-0.4,-5.8,9.1,0,2997
20201203,-0.3,-6.1,7.2,0,2958
20201207,0.9,-6.5,8.5,0,2619
20201208,-2.4,-8.3,5,0,2693
20201209,-2.6,-11.5,7.5,0,2649
20201210,2.1,-2.5,10.1,0,2649
20201211,1.8,-4,9.4,0,2649
20201214,-5.8,-8.7,-2.8,0,2665
20201215,-7.4,-11.1,-3.2,0,2665
20201216,-6.6,-9.2,-2.5,0,2743
20201217,-7.5,-16.3,1.1,0,2840
20201218,-3.1,-10.9,3.5,0,2840
20201221,-4.4,-12.9,4.3,0,2810
20201222,-2.9,-10.2,6.2,0,2792
20201223,-0.5,-9.5,7.6,0,2811
20201224,2.5,-2.5,8.7,0,2821
20201228,0,-6.9,11.7,0,2769
20201229,0.1,-7.1,9.9,2,2749
20201230,-8.4,-12.1,-0.3,0,2760
20201231,-8.4,-14.5,-3,0,2752
20210104,-5.2,-12.8,3.5,0,3151
20210105,-4,-11.2,1.1,0,3188
20210106,-8.9,-16.6,-1,0,3273
20210107,-11.8,-15.1,-4.8,0.6,3335
20210108,-12.7,-16.3,-7.8,0,3325
20210111,-8.8,-15.5,-3.1,0,3325
20210112,-6.8,-15.5,2.1,0,3378
20210113,1.4,-8.1,9.3,0,3406
20210114,1.6,-5.1,11.2,0,3440
20210115,4.4,-6.3,13.7,0,3440
20210118,-4.4,-9.4,2,1,3440
20210119,-8.1,-15.9,0.9,0,3432
20210120,-5.4,-15.1,7.4,0,3479
20210121,0.8,-11,11.3,0,3431
20210122,5.9,1.8,13.1,0.5,3432
20210125,2.6,-2.7,11.3,0,3432
20210126,2.6,-2.2,4.9,5.4,3431
20210127,2,-3.3,8.6,0,3422
20210128,-2.2,-7.7,7.8,0,3414
20210129,-7.2,-11.4,-2.2,0,3458
20210201,4.8,-2.5,9.9,9.9,3458
20210202,-2.9,-6.2,4.5,0,3424
20210203,-4.3,-8.6,1.7,0,3424
20210204,-0.5,-6.5,3.8,0,3424
20210205,-0.9,-9.6,7.5,0,3424
20210208,-1.8,-5,2.8,0,3394
20210209,-1.1,-8.1,5.9,0,3382
20210210,-0.7,-9.1,8.5,0,3382
20210215,2.7,-4.2,7.9,0.6,3382
20210216,-3.9,-7.3,1.4,1,3382
20210217,-7.7,-9.6,-4.7,0,3413
20210218,-7.1,-12.2,-1.7,0,3424
20210219,0.4,-7.6,9.3,0,3422
20210222,9.6,-1.2,20.3,0,3422
20210223,1.5,-4.9,9.6,0,3467
20210224,0.6,-6.5,10.5,0,3452
20210225,2.3,-5.2,8.3,0,3464
20210226,4.7,-0.4,10.6,0,3464
20210302,0,-2.8,3,5.8,3464
20210303,1.5,-4.8,8.5,0,3463
20210304,3.7,-2.9,10.5,0,3476
20210305,7,-0.3,18.2,0,3404
20210308,3.1,-3.7,12.2,0,3393
20210309,5.1,-3.3,13.9,0,3393
20210310,4.2,-3.9,13.5,0,3352
20210311,6.7,-4,18.8,0,3352
20210312,6.3,4.3,8.4,13.4,3352
20210315,8.9,-0.5,17.3,0,3353
20210316,12.1,2.9,18.5,0,3338
20210317,6.6,-2.6,17.1,0,3320
20210318,5.8,0,13.3,0,3320
20210319,7,1.4,14.9,0,3320
20210322,5.6,0.2,11,0,3320
20210323,7.9,-3.3,17.7,0,3273
20210324,8.5,-0.5,17,0,3252
20210325,10.1,-1.3,20.6,0,3239
20210326,11.3,0.2,22.6,0,3282
20210329,12.4,5.1,17.2,0,3282
20210330,11.6,3.2,20,0,3326
20210331,9.8,-1.5,22.7,0,3340
20210401,10.1,1.1,17.7,0,3315
20210402,13.2,10.3,18.3,0,3299
20210405,6.2,-1.2,15.8,0,3302
20210406,9.5,-0.7,19.5,0,3352
20210407,11.6,1.1,21.4,0,3364
20210408,9.6,2,19.1,0,3415
20210409,5.1,0.1,10.1,0,3415
20210412,10,4.5,13.1,20.4,3404
20210413,13.5,5.9,17.9,0.2,3401
20210414,9,3.1,16.1,0,3421
20210415,8.4,-1.9,18.2,0,3387
20210416,11,0.5,19.9,0,3392
20210419,12.4,0.7,22.4,0,3447
20210420,14.4,3.5,25.4,0,3628
20210421,15.9,4.9,28.3,0,3629
20210422,16.3,8.9,25.9,0,3572
20210423,12.9,7.2,17.5,0,3655
20210426,9.8,-0.1,19.9,0,3623
20210427,13.1,2.2,22.8,0,3408
20210428,15.3,9.2,22.1,0,3378
20210429,12.6,8.7,17.9,3.3,3378
20210430,12.9,8.3,18.9,0.8,3351
20210503,12.7,2.8,22.7,0,3351
20210504,14.3,6,21.3,11.9,3306
20210506,12.7,1.2,22.7,0,3211
20210507,13.9,4.4,24.5,1.4,3211
20210510,8.7,4,11,15.3,3203
20210511,12.3,7.2,18.2,2.1,3203
20210512,13.6,5.8,21.5,0,3164
20210513,17.1,6.4,28.6,0,3107
20210514,18.9,9,29.5,0,3091
20210517,13.6,12.2,15.1,8.9,3034
20210518,16.1,12.3,22.7,0.3,2983
20210520,14.1,11.9,16.2,10.6,2902
20210521,14.6,13.3,17.3,2.2,2855
20210524,19.2,12.2,26.3,0,2828
20210525,12.7,6.5,20.4,1.8,2831
20210526,14,4.9,23,0,2802
20210527,14.7,9.8,21.8,0.7,2802
20210528,14.2,7.6,26.7,13.1,2794
20210531,17.5,12.8,22.9,3.9,2794
20210601,19.4,11.8,27.5,0,3071
20210602,21.4,13.2,30.3,0,2902
20210603,17.3,12.4,20.5,21.8,3116
20210604,18.3,11.8,25,1.4,3124
20210607,21.3,15,29.1,0,3026
20210608,21.9,15.9,31,0,3067
20210609,22.4,15.7,31,0,3121
20210610,22.2,13.3,30.8,0,3048
20210611,20.5,18,25.8,9.4,3120
20210614,21.4,17.1,27.3,0,3158
20210615,19.8,17,22.5,10.2,3183
20210616,18.5,17,19.8,1.9,3183
20210617,18.1,16.4,20.9,0,3187
20210618,20.1,16.6,24.1,0.6,3254
20210621,20.3,13.8,28.9,0,3273
20210622,18.1,14.1,22.1,3.2,3277
20210623,17.5,14,21.3,8,3290
20210624,19.3,12.9,28.3,7.6,3295
20210625,20.9,15.4,28.1,1.7,3302
20210628,20.8,16.5,26.3,0,3287
20210629,22,16,28.8,0,3287
20210630,21.3,17.5,26.2,0,3347
20210701,22.3,16.5,30.3,0,3347
20210702,21.4,15,27.7,0,3403
20210705,22.4,19.9,25.6,5,3403
20210706,22.9,20,26.4,27.5,3403
20210707,24.2,21.6,28,24.5,3403
20210708,23.2,21.2,26.1,22,3419
20210709,23,20.5,27.7,7.4,3302
20210712,25.9,20.1,33.2,0,3302
20210713,27,22.2,34.4,0,3277
20210714,27.5,22.3,34,0,3303
20210715,25.8,21.4,31.8,0,3303
20210716,25.3,20.8,30.7,1.4,3234
20210719,25.4,20.5,30.9,0,3315
20210720,25.9,20.6,33.6,0,3327
20210721,24.4,19.2,32,0,3326
20210722,24.9,18.6,31.4,0,3351
20210723,25.7,20.4,32.8,0,3338
20210726,25.6,20.6,32.6,0,3351
20210727,25.1,19.5,33.7,0,3345
20210728,25.4,19.7,33,0,3314
20210729,26.8,20.5,35.8,0,3314
20210730,27,21.3,36.4,0,3314
20210802,26.6,23.7,32.1,8.7,3345
20210803,27.2,23,33.5,0,3392
20210804,28.2,23,35.3,0,3405
20210805,28.3,22.8,34.5,0,3415
20210806,28.1,22,35.3,0,3415
20210809,23.9,19.8,29.4,3.4,3415
20210810,23.4,19.6,29.4,0.2,3415
20210811,25.1,21.5,31.3,0.4,3389
20210812,24.5,21.5,30.9,0,3389
20210813,23.9,20.2,28.8,0,3389
20210817,22.2,19.3,26.1,0.3,3389
20210818,20.7,18.5,24.7,10.4,3373
20210819,22,18.5,26.2,0,3373
20210820,23.1,18.2,29.7,0,3373
20210823,21.4,19.7,24.5,22.5,3257
20210824,22.9,20.1,27.7,45,3228
20210825,23.5,21.2,26,2.5,3253
20210826,24.3,20.1,31.2,0.8,3163
20211103,8.8,2.7,18.8,0,2707
20211104,7.8,2,18.8,0,2769
20211105,7.6,0.5,19.8,0,2756
20211108,8.5,4.8,18.2,19.9,2735
20211109,6.5,3.4,11,0,2735
20211110,4.6,1.7,6.3,0.9,2725
20211111,5.9,3.2,10.1,0,2674
20211112,3.8,-1.7,9,0,2674
20211115,5.4,-1,16.1,0,2674
20211116,4.1,-2.8,15,0,2650
20211117,3.7,-4.6,13.4,0,2650
20211118,5.9,-2,15.8,0,2750
20211119,7.5,0.4,17.4,0,2750
20211122,4.3,-0.6,10,0,2750
20211123,1.2,-1.8,4.5,0,2755
20211124,4.8,0.5,10.3,0,2764
20211125,6.2,-0.8,13.5,0,2779
20211126,2.5,-3.2,10.1,0,2788
20211129,2.3,-6.6,14.9,0,2772
20211130,2.5,-3,8.7,18.2,2764
20211201,-0.7,-4.8,2.4,0,2772
20211202,-0.9,-5.6,5.4,0,2702
20211206,1.9,-5.9,12.8,0,2702
20211207,3.8,-2.5,13.6,0,2670
20211208,2.6,-2.4,13.5,0,2685
20211209,3.5,-3,12.9,0,2685
20211210,4.9,-0.9,12.2,0,2676
20211213,-3.6,-8,4,0,2597
20211214,-1.3,-10.8,7,6.6,2597
20211215,3.9,-1.9,12.3,0,2616
20211216,3,-1.7,10.3,0,2620
20211217,-2.1,-9.3,5.4,0,2634
20211220,2.2,-7.2,10,0,2634
20211221,3.4,-2.9,12.2,0,2634
20211222,-0.5,-6.8,11.1,0,2638
20211223,-1.5,-8.8,8.3,0,2638
20211224,1.2,-5.2,7.8,0,2650
20211227,-5.6,-12,0.3,0,2776
20211228,-2.1,-10.6,5.6,0,2809
20211229,0.5,-7.2,7.8,0,2710
20211230,-2.1,-4.5,1.2,0,2724
20211231,-5.6,-10.3,-0.4,0,2741
20220103,-4.1,-13.9,3.6,0,2741
20220104,-1.2,-9.7,5.7,0,2741
20220105,-3,-12.2,5.5,0,2657
20220106,-1.6,-8.8,6.9,0,2666
20220107,-5.2,-13.1,6.7,0,2707
20220110,-1.2,-9.6,8.3,0,2706
20220111,-3.6,-8.9,1.8,0,2689
20220112,-6.6,-12.5,-0.9,0,2630
20220113,-5.8,-9,-1.8,0,2606
20220114,-7.6,-15.3,1.3,0,2622
20220117,-3.3,-7.7,1.7,0,2638
20220118,-7.2,-12.8,0.7,0,2663
20220119,-5.7,-16.4,3.3,0,2634
20220120,-5.5,-12.6,4.8,0,2585
20220121,-5.3,-15,7.4,0,2585
20220124,1.4,-4.8,4.4,0,2580
20220125,0.9,-4,4.2,0,2580
20220126,0.1,-5.3,6.6,0,2580
20220127,-2.5,-8.6,7.9,0,2569
20220128,-3,-10.5,5.3,0,2569
20220203,-3.5,-10.5,3.4,0,2607
20220204,-3.8,-11.1,1.9,0,2607
20220207,-4.1,-12.4,2.7,0,2607
20220208,-4.6,-11.8,4.9,0,2607
20220209,-2.5,-13.4,8.6,0,2607
20220210,0.3,-6.8,9.5,0,2607
20220211,-1.6,-11.1,9.8,0,2602
20220214,3.1,-4.6,11.3,0,2602
20220215,-2.7,-7.3,2.8,0,2636
20220216,-6.6,-9.2,-1,0,2622
20220217,-8.1,-13.2,0.2,0,2622
20220218,-4.9,-16.4,7.1,0,2622
20220221,-2.4,-11.3,4.4,0,2630
20220222,-3,-6.9,1.5,0,2617
20220223,-4.7,-9,1.4,0,2617
20220224,-3.8,-15.4,5,0,2617
20220225,1,-9.8,9.6,0,2617
20220228,2.3,-7.2,13,0,2599
20220302,3.7,-5.2,11,0,2604
20220303,4.3,-3.5,12.8,0,2604
20220304,6.1,-7,16.7,0,2587
20220307,0.2,-9.3,11,0,2517
20220308,2.5,-7.9,13.9,0,2517
20220310,5.4,-2.9,17.3,0,2529
20220311,8.4,-3.6,19.5,0,2537
20220314,9.1,7.1,13,1.1,2554
20220315,8,0.1,17.3,0,2643
20220316,8.7,-0.7,20.6,0,2643
20220317,5.5,4,7.2,5.3,2613
20220318,3.6,0.9,6.3,4.5,2610
20220321,4.4,-3.3,12.5,0,2614
20220322,4,-1.9,12.3,0,2546
20220323,2.4,-3.1,9.4,0,2533
20220324,4.9,-3.9,14.3,0,2525
20220325,10.3,-0.2,20,0.9,2525
20220328,4.9,-3.8,14.2,0,2526
20220329,6.8,-3.8,18.2,0,2563
20220330,10.1,-1.9,20.6,0,2687
20220331,6.6,3,10.4,1.6,2708
20220401,4.5,-0.8,11.9,0,3203
20220404,7.9,-1.3,19.3,0,3184
20220405,10,-2.5,18.9,0,3079
20220406,11.6,2,21.6,0,3079
20220407,10.6,2.1,18.9,0.2,3037
20220408,11,-1,22.3,0,3056
20220411,18.4,7.7,28.3,0,3036
20220412,19.4,9.8,29.6,0,3109
20220413,9.4,6.7,13.9,5.3,3085
20220414,8.2,6.6,9.8,3,3080
20220415,9.5,3.1,16.4,0.4,3054
20220418,12.7,4,22.2,0,2990
20220419,12.7,1.3,23.6,0,2991
20220420,13.3,1.2,24.6,0,2991
20220421,10.5,2.8,19,0,3004
20220422,16.5,2.8,26,0,2995
20220425,18.5,9.5,28.5,0,2966
20220426,16.3,13.3,19.4,14.1,2966
20220427,13.8,7.5,19.9,0,2966
20220428,12.9,5.3,20.2,0,2966
20220429,9.4,7.3,11.5,7.7,3004
20220502,9.7,2.5,18.7,1,3004
20220503,11.6,4.1,22,0,3004
20220504,15.6,2.7,27.2,0,3004
20220506,17,5,27.6,0,3004
20220509,13.3,5.5,21.1,0.2,2986
20220510,12.5,2.6,22.4,0,2983
20220511,17.8,8.3,27.2,0,2983
20220512,17.5,11.3,24,0,3043
20220513,13.9,9.1,19.1,1,3016
20220516,14.1,2.5,24.3,0,3016
20220517,16.2,4,27.3,0,3002
20220518,18.5,6.2,29.2,0,3002
20220519,17.7,9.4,26.1,0,2946
20220520,18.5,11,28.4,0,2968
20220523,20.5,9.1,31.1,0,2981
20220524,20.2,12.4,32.7,3.8,2968
20220525,21.9,13.1,31.9,0,2931
20220526,18.6,11.4,25.7,0.4,2936
20220527,18.3,7.8,26.5,0,2923
20220530,21.4,15,29,0,2961
20220531,21.2,13.8,29.4,0,2929
20220602,21.2,8.9,32,0,2936
20220603,20.1,10.9,29.3,0,2941
20220607,13.9,9.1,20.2,0.2,2941
20220608,15.4,11.4,21.1,0,2910
20220609,17.6,11.9,27,0,2850
20220610,20.2,12.1,29.3,0,2874
20220613,17.9,12.8,22.1,0,2792
20220614,15.9,14.7,17.6,3.9,2864
20220615,18.2,13.8,24.9,6.6,2856
20220616,20,13.6,26.5,0,2832
20220617,22.7,11.6,32.6,0,2832
20220620,25.1,17.9,32.9,0,2817
20220621,25.4,17.8,34,0,2817
20220622,27.5,18.6,36.6,0,2841
20220623,25.9,18.8,31.7,6.1,2824
20220624,25.7,22.4,30.9,26.1,2809
20220627,26.2,22.6,30.3,3.7,2830
20220628,28,24.4,32.2,0,2830
20220629,28.3,24.7,33.2,0,2821
20220630,26.9,23,32.1,6.6,2821
20220701,27.7,21.1,35.1,0,2807
20220704,27.2,21,33.4,0,2807
20220705,26.8,20.9,32.7,0,2775
20220706,26,23,31.7,3,2787
20220707,28.3,22.1,34.1,0,2836
20220708,26.9,21.6,33.4,1.2,2836
20220711,24.3,21.6,27.4,3,2838
20220712,24,21.1,28.5,0,2838
20220713,23.2,19.6,27.8,22.1,2854
20220714,25.5,21.6,31,0,2872
20220715,25,19.6,32.4,0,2872
20220718,21.4,19.8,23.2,20.5,2866
20220719,25.6,20.7,32.9,0,2880
20220720,26.9,21.6,33.1,0,2880
20220721,23.8,21.2,28,13.7,2880
20220722,22.9,19.7,27.3,0.5,2874
20220725,26.5,21.4,34,0.1,2874
20220726,24.4,18.9,32.8,0,2866
20220727,24.1,18.3,28.7,0,2866
20220728,24.7,21.1,27.9,0,2866
20220729,27.3,22.2,34.3,0,2858
20220801,26.9,23.8,29.9,0.3,2833
20220802,27.6,24.4,32.5,1,2833
20220803,26.8,22.1,32.6,0,2833
20220804,27.8,22.1,34.4,0,2833
20220805,28,21.5,34.5,0,2816
20220808,27.2,23.5,31.6,0,2803
20220809,26.2,23.4,30.6,4.2,2778
20220810,24.8,23.1,27.4,8.2,2752
20220811,23.8,23.1,26.5,14.1,2752
20220812,26.9,21.9,34.3,0,2752
20220816,24.1,21.5,29.4,23.3,2738
20220817,24.4,20.3,29.9,9.6,2749
20220818,23.5,19.6,30.7,0,2727
20220819,24.2,18.6,29.6,0,2709
20220822,23.3,14.1,32.3,0,2701
20220823,22.8,20.8,26.7,10.8,2701
20221025,6.3,0.2,15.4,0,2255
20221026,7.6,-0.4,19.5,0,2247
20221027,9.5,4,20.9,0,2265
20221028,8.8,1.3,15.2,0,2222
20221031,9,3.9,19,0,2510
20221101,9,2.4,20.1,0,2806
20221102,7.2,0.3,20.1,0,2698
20221103,6.6,-2.6,17.3,0,2695
20221104,5.3,-2.7,12.8,0,2554
20221107,4.9,-3.5,16.9,0,2564
20221108,6.9,-2,18.6,0,2566
20221109,6.6,-2.1,19.1,0,2215
20221110,7.7,-0.9,19.6,0,2190
20221111,10.1,1.3,20.9,0,2208
20221114,8.2,4.5,12.6,0,2212
20221115,5.2,-1.7,13.3,0.1,2233
20221116,5.2,-0.8,13.9,0,2242
20221117,4,-2,15.9,0,2239
20221118,5.2,-4,19.8,0,2243
20221121,8.5,3.2,19.3,0,2222
20221122,9,3.7,14.3,18.4,2182
20221123,9.8,2.3,16.4,7.4,2182
20221124,4.3,-0.6,14.7,0,2152
20221125,4.7,-2.1,17.4,0,2144
20221128,8.2,-3,16.8,5.3,2173
20221129,10.8,4.6,14.4,27,2156
20221130,-2.5,-6,4.6,0,2156
20221201,-4,-6.6,0.6,0,2171
20221205,-2.7,-8.6,4.1,0,2186
20221206,-2.2,-10.4,3.7,0,2194
20221207,2.5,-2.8,7.8,0.2,2209
20221208,-0.3,-5.7,9.8,0,2209
20221209,-1,-8.7,10,0,2212
20221212,1.9,-5.5,9,0.3,2214
20221213,1.8,-0.8,5.6,0.2,2202
20221214,-7.1,-10.2,-0.8,0,2202
20221215,-4.6,-14,4.4,0,2207
20221216,-2.8,-5.8,0.6,0,2227
20221219,-6.7,-10.9,-0.3,0,2227
20221220,-6.1,-14.4,3.1,0,2227
20221221,-3.3,-7.1,0.3,4.2,2235
20221222,-5.8,-10.1,-2.2,0,2235
20221223,-9.4,-11.5,-6,0,2236
20221226,-7.6,-15.5,2.1,0,2226
20221227,-6.8,-15.3,4,0,2237
20221228,-3.2,-9.9,3,0,2237
20221229,-3.5,-7.8,2.6,0,2243
20221230,-4.2,-10.5,2.9,0,2220
20230102,-3.9,-9.8,3.3,0,2209
20230103,-5.5,-14.9,3.2,0,2198
20230104,-4.5,-13.2,4.5,0,2245
20230105,-4.4,-13.1,5.7,0,2272
20230106,-4.1,-11,7,0,2259
20230109,-1.1,-8.2,9.2,0,2256
20230110,-1.9,-9,9.7,0,2265
20230111,-0.5,-8.8,11.3,0,2265
20230112,0.9,-9.5,16.3,0.2,2265
20230113,6.3,0.4,11.3,12,2288
20230116,-3.1,-8.8,2,0,2288
20230117,-4.4,-9.8,1.6,0,2294
20230118,-3.6,-8.7,4,0,2303
20230119,-4.2,-11.4,4.4,0,2303
20230120,-2.2,-7.8,1.8,0,2305
20230125,-12.9,-19.5,-4.8,0,2307
20230126,-8.8,-17.8,-2.2,0.1,2252
20230127,-7.2,-13.2,-1.7,0,2238
20230130,-2.5,-9.2,3.9,0,2470
20230131,-3.8,-13.2,9.1,0,2542
20230201,2.4,-7.4,10,0,2666
20230202,-3.5,-9.4,4.7,0,2666
20230203,-2.3,-7.8,7.3,0,2575
20230206,-1,-11.3,10.7,0,2575
20230207,0.2,-8.6,12.7,0,2575
20230208,-0.3,-6.4,9.8,0,2549
20230209,0.1,-10.2,9.3,0.2,2525
20230210,1.3,-1.7,5.2,5,2458
20230213,3.7,0,6.3,0.5,2441
20230214,1.7,-1.2,8.7,0,2431
20230215,0.3,-1.8,3.4,0,2412
20230216,0.6,-4.8,7,0,2391
20230217,1.4,-6.7,11.2,0,2376
20230220,-0.7,-6.3,5.6,0,2377
20230221,-3.5,-11.5,6.7,0,2372
20230222,-0.1,-10.5,8.9,0,2374
20230223,3.9,-1,11.6,0,2375
20230224,2.8,-4.7,11,0,2333
20230227,1.5,-9.9,15.8,0,2309
20230228,3.4,-8,15.2,0,2355
20230302,0.8,-6.4,7.7,0,2382
20230303,2.8,-7.9,13.1,0,2501
20230306,5.3,-4.8,17.7,0,2501
20230307,8.6,-3.3,20.4,0,2499
20230308,9.9,-0.1,22.3,0,2499
20230309,10.4,0.6,21,0,2425
20230310,10.4,-1.2,24.2,0,2401
20230313,2.2,-3.2,9.2,0,2392
20230314,6.8,-1.8,18.5,0,2410
20230315,10.6,-3.4,21.5,0,2406
20230316,7.2,1.4,13.5,0,2435
20230317,5.6,-0.6,11.9,0,2447
20230320,7.8,-4.1,20.1,0,2437
20230321,10.3,-0.3,23,0,2446
20230322,12.7,1.5,21.5,1.7,2392
20230323,13.5,11.3,15.5,29.1,2398
20230324,9.9,7.1,13.1,0,2392
20230327,5.6,-1.9,15,0,2363
20230328,6.8,-3.1,17.8,0,2369
20230329,8.9,-2,20.4,0,2393
20230330,11.1,-0.8,23.2,0,2403
20230331,11.5,-0.2,24.8,0,2409
20230403,9.3,-0.2,19.7,0,2407
20230404,12.6,2.1,22.3,2.8,2253
20230405,13.4,10.6,16.1,18.6,2255
20230406,10.8,8.4,14.4,2.3,2255
20230407,10.2,5.3,16.9,4.1,2255
20230410,11.1,-2,22.2,0,2280
20230411,14.3,3.1,23.8,1.4,2261
20230412,10.9,2.1,17.9,0,2255
20230413,10.8,-2.1,23.3,0,2264
20230414,12.8,2.7,20.9,0,2264
20230417,10.3,1.3,20.5,0,2279
20230418,11.1,8.6,13.7,1.8,2303
20230419,15.5,10.2,22.7,0,2306
20230420,18.6,9.9,28.1,0,2336
20230421,12.1,5.1,17.5,0,2336
20230424,9.4,2.3,15.8,0,2336
20230425,6.5,1,10,3.4,2327
20230426,9.3,2.2,16.8,0,2319
20230427,11.2,-0.9,23.1,0,2319
20230428,15.3,2.4,26,0,2306
20230502,13.5,0.7,25.3,0,2302
20230503,17.1,6.7,27.1,0,2261
20230504,17.8,9.4,25.4,0,2267
20230508,10.6,2.9,21.2,0,2281
20230509,14.3,0.7,27.4,0,2302
20230510,15,4.4,26.9,0,2302
20230511,13.6,3.8,23.2,0,2297
20230512,16,4.4,26.7,0,2279
20230515,17.7,8,28.9,0,2286
20230516,20.8,9.5,32.8,0,2279
20230517,21.6,9.9,33.2,0,2280
20230518,16.3,12.1,20.3,2.5,2263
20230519,17.1,11.4,24.2,0.6,2263
20230522,14.8,8.7,20.8,0.3,2278
20230523,13.9,6.8,24.2,1.8,2278
20230524,15.7,6.9,25.5,0,2292
20230525,18.2,10.2,26.7,0,2299
20230526,20.1,12.9,27.5,0,2285
20230530,17.2,12.9,20.5,0,2285
20230531,17.1,10.4,24.6,0,2292
20230601,17,9.2,24.9,0,2288
20230602,21.3,14.8,29,5.6,2285
20230605,20,11.2,28.4,0,2295
20230607,20.4,12.8,26.9,0,2302
20230608,21.8,16.3,30.6,0,2305
20230609,21.4,13.9,29.3,0,2306
20230612,21.1,17.1,27.9,0,2312
20230613,21.5,15.5,29.7,0.2,2318
20230614,19.2,15.2,27.7,16.4,2317
20230615,18,14.4,26.9,0,2317
20230616,21.9,14.2,30.9,0,2318
20230619,22.1,14.8,30,0,2289
20230620,20.5,14.5,26.2,0,2305
20230621,20.3,17.1,22.7,9.3,2310
20230622,21.9,17.6,27.8,0,2293
20230623,22.2,16.2,30.1,0,2250
20230626,23.6,19.9,27.9,25.5,2264
20230627,25.7,21.8,30.7,30.8,2269
20230628,24.3,19.1,29.5,6.3,2272
20230629,24.4,20.8,29.3,8.5,2251
20230630,22.6,21,24.3,38.3,2255
20230703,24.5,17.9,32.8,0,2810
20230704,24.1,19.4,28.7,6.7,2833
20230705,24.9,19.5,29.3,6.8,2817
20230706,24.2,18.1,33,0,2851
20230707,20,16.6,24.4,63.8,2844
20230710,25.7,20.8,32.6,0.6,2805
20230711,23,21.2,29,36.3,2733
20230712,25.3,20.4,30.7,0,2687
20230713,24.3,22.9,26.7,9,2695
20230714,24.5,23,26.9,25.7,2722
20230717,25.5,21.6,32.6,9,2557
20230718,22.4,20.5,25.4,94.4,2539
20230719,24.2,20.1,30.9,0,2532
20230720,25.3,20.6,33.2,0,2545
20230721,23.9,18.5,32.1,0,2548
20230724,26,22.5,31,3.7,2604
20230725,25,21.8,32.3,5.9,2917
20230726,25.8,21.6,33.7,7.8,2906
20230727,26.5,21.1,34,0,2883
20230728,27.9,22.5,33.9,0,2745
20230731,26.7,23.1,34.2,39,2738
20230801,27.5,21.9,34.5,0,2722
20230802,27.4,21.4,34.7,0,2772
20230803,28.6,23.1,35.8,0,2804
20230804,28.2,23,34.8,0,3048
20230807,27.9,23,33.6,0,3072
20230808,27.1,23.1,32.2,0,3350
20230809,24.9,23.7,27,11.1,3317
20231023,10,3,20.8,0,3385
20231024,10.5,4,20.6,0,3052
20231025,11.5,5.6,22.3,0,3045
20231026,12.9,5.8,22.1,0,2985
20231027,10.7,4.9,16.8,0,2920
20231030,9.8,3.8,20.9,0,2919
20231031,10.1,3.5,22.9,0,2896
20231101,11.7,2.3,22.3,0,2896
20231102,13.7,7.4,26.3,0,2940
20231103,13.7,4.4,24.3,0,2867
20231106,16.2,9.9,21.7,3.2,2882
20231107,7.6,-0.4,13.4,0,2893
20231108,6.1,-3.3,19,0,2901
20231109,9.8,0.3,19.4,0,2907
20231110,7.8,-1.8,13.1,4.9,2817
20231113,0.6,-7,8.7,0,2801
20231114,1.8,-5.8,11.2,0,2794
20231115,2.3,-4.9,13.1,0,2795
20231116,2.8,-3.2,8.1,6.3,2826
20231117,3.7,-1,8.5,0.1,2786
20231120,4.1,-2.8,13.3,0,2837
20231121,3,-6.1,15.8,0,2862
20231122,4.8,-4.6,18.1,0,2905
20231123,9.4,0.4,18.4,0,2905
20231124,1.1,-3.3,6.9,0,2850
20231127,4.1,1.4,7.4,1.5,2830
20231128,3.2,-0.5,6.8,0,2854
20231129,2,-3.7,6.1,0,2828
20231130,-3,-5.8,0.9,0,2789
20231204,-1.1,-9.5,10,0,2713
20231205,1.2,-6.9,13.2,0,2714
20231206,2.2,-6.6,11.7,0,2696
20231207,3.8,-3,10.7,0,2613
20231208,4.4,-5.7,18.5,0,2387
20231211,10.8,8.7,12.1,26.3,2393
20231212,6.5,3.2,9.9,0,2439
20231213,3.4,-0.5,10,0,2409
20231214,5.8,0.7,9,21.8,2412
20231215,7,4.4,9.9,54.8,2432
20231218,-6.1,-12.8,-1.3,0,2435
20231219,-3.3,-8.2,3.4,0,2502
20231220,-5.1,-9.9,-1.4,0,2379
20231221,-9.3,-11.8,-5.4,0,2415
20231222,-9.8,-13.3,-4.6,0,2422
20231226,1,-3.1,6.6,0,2512
20231227,-0.4,-5.8,9.4,0,2429
20231228,-0.8,-8,7.4,0,2474
20231229,-1.9,-8.3,7,0,2483
20240102,2.2,-2.6,6.6,0,2461
20240103,1.2,-0.9,5.2,0.7,2467
20240104,-1.7,-7,6.3,0,2471
20240105,2.4,-6.8,8.7,0,2537
20240108,-6.8,-13.6,1.8,0,2489
20240109,-3.1,-9.7,1.7,0.6,2490
20240110,0.9,-3.7,7,0.1,2492
20240111,-0.7,-6.3,3.6,0,2425
20240112,3.4,-0.8,8.1,0,2404
20240115,-0.9,-6.6,4.1,0,2378
20240116,-3.6,-11.2,6.5,0,2373
20240117,0.1,-8.2,7.4,1.1,2415
20240118,3.8,1.5,5.8,1.7,2742
20240119,3.3,2.2,4.9,0.6,2768
20240122,-4.7,-10.1,2.6,0,3011
20240123,-10.4,-13.3,-6.2,0,3010
20240124,-9,-13.5,-3.7,0,3001
20240125,-6.8,-14.9,0.5,0,3008
20240126,-3.1,-12.4,5.6,0,3088
20240129,-4,-11.2,5.9,0,2960
20240130,-2.3,-11.7,9.7,0,2970
20240131,3,-3.9,13.6,0,2976
20240201,1.6,-1.6,7.7,0,2909
20240202,1.1,-3.8,6.5,0,2947
20240205,2.3,-0.5,4.5,16.4,2931
20240206,0.6,-1.4,3.5,0.3,2930
20240207,1,-2.6,5.7,0,2924
20240208,-0.8,-4.6,6.5,0,2919
20240213,3.5,-6.6,15.3,0,2948
20240214,7,-0.8,19,0,2936
20240215,5.8,0.7,16.6,0.6,2934
20240216,0.3,-4.5,8.7,0,2972
20240219,12.9,8.5,16.2,17.6,2974
20240220,4.8,3.1,11.9,4.7,2904
20240221,2.4,0.9,3.7,7.8,2940
20240222,0.6,-0.3,2.3,3.7,2524
20240223,0.3,-0.8,2.8,0,2530
20240226,2.2,-2.9,7,0,2526
20240227,-0.2,-4.1,5.2,0,2520
20240228,1.8,-6.4,10.4,0,2493
20240229,1,-2.2,3.9,6.7,2454
20240304,5.5,-2.3,12.3,0,2584
20240305,4.8,3.5,6,5.9,2599
20240306,5,1.8,9.5,0,2582
20240307,2,-1.7,5.3,0.5,2771
20240308,1.9,-1.8,7.5,0,2919
20240311,3.9,-4.1,12.3,0,2748
20240312,2.1,-4.3,11.3,0.2,2737
20240313,5.6,-1.2,13.3,0,2742
20240314,5.7,-3.1,16,0,2890
20240315,7.8,-3.2,18.7,0,2826
20240318,5.4,-3.9,14.6,0,2595
20240319,6.2,1.3,13.8,0.2,2578
20240320,2.8,-3,8.2,1.4,2592
20240321,1.9,-6,11,0,2609
20240322,7.5,-3.1,16.3,1.7,2672
20240325,8,5,10.9,7,2900
20240326,5.5,2.2,9.6,18.7,2948
20240327,7.5,0,16.3,0,2910
20240328,7.3,5.2,8.5,26.5,2910
20240329,11.1,2.5,19.4,0,2870
20240401,9.9,-1.6,21,0,2959
20240402,12.5,0.6,25.9,0,2967
20240403,11.1,9.8,13.6,19.9,2925
20240404,10.6,7.3,14,0,2981
20240405,10.6,5.2,17.8,0,2818
20240408,14.5,4.5,24.1,0,2802
20240409,9.9,1.3,15.7,0,2822
20240411,12.7,5.7,21.7,0,2809
20240412,14.4,2.9,26,0,2818
20240415,13.5,9.9,19.2,8.8,2823
20240416,13.8,8.2,20.9,0.1,2811
20240417,13.8,4.5,24.7,0,2744
20240418,14.3,5.2,25.8,0,2740
20240419,16.2,4.5,27.6,0,2750
20240422,14.3,11.7,18.5,0,2751
20240423,12.7,8.1,17.9,6.4,2761
20240424,12,9,18.2,9.1,2750
20240425,14.4,6.1,24.7,0,2721
20240426,15.2,7.2,25.8,0,2827
20240429,13.5,11.5,15.8,2.2,2799
20240430,15.3,11.2,22.3,0,2799
20240502,18.1,12.4,23.7,0,2767
20240503,19.7,12.2,27.9,0,2685
20240507,13.3,12.2,15,2.4,2668
20240508,14.7,9,21.4,0,2682
20240509,16.1,10.9,21.8,0,2874
20240510,17.9,12.5,23.8,0,2922
20240513,18.3,11.9,24.5,0,2931
20240514,18.8,12.7,24.7,0,2937
20240516,13.7,6.9,19.8,0.1,3234
20240517,18.3,10.8,24.9,0,3194
20240520,19.4,16.8,22.8,0,3161
20240521,21.7,16.3,28.3,0,3170
20240522,20.5,16.4,25.5,0,3159
20240523,20.2,15.8,26.4,0,3250
20240524,20.1,15.7,24.7,0,3226
20240527,18.5,14.1,22.6,0,3226
20240528,20.4,14.3,26.1,0,3240
20240529,21.2,15.4,26.8,0,3236
20240530,20.7,16.2,24.6,0,3196
20240531,20.4,16.9,25.4,1,3148
20240603,16.8,10.7,23.8,0,3198
20240604,16.2,7.9,25.3,0,3197
20240605,18.2,7,28.3,0,3185
20240607,20.4,9.8,29.6,0,3352
20240610,23.1,14.4,32.2,0,3337
20240611,24,15.2,33.2,0,3340
20240612,24.2,15.7,33.9,0,3340
20240613,23.9,15.2,34.9,0,3460
20240614,24.7,15,35.1,0,3357
20240617,20.5,12.7,28.9,0,3388
20240618,23.8,13.5,34.3,0,3394
20240619,25.2,14.8,36.6,0,3389
20240620,23.5,16.2,31.8,0,3361
20240621,23.9,16.4,31.5,0,3383
20240624,23.7,19.2,31.1,0.6,3397
20240625,21.4,15.8,27.6,0,3419
20240626,20.7,12.8,29.2,0,3413
20240627,20.3,13.2,27.8,0,3436
20240628,23.5,15.1,33,0,3392
20240701,25.6,20,32.2,0,3404
20240702,22,20.2,24.9,24.4,3428
20240703,26.2,21.2,31.4,6.9,3348
20240704,25.9,19.3,33.3,0,3432
20240705,26.2,20.9,31,1.9,3309
20240708,24,23.2,25.7,75.2,3285
20240709,23.3,21.7,25.1,9.9,3295
20240710,23,20.6,26.9,47.5,3285
20240711,24.6,20.1,30,0,3082
20240712,25.2,19.9,31.4,0,2982
20240715,23.7,20.5,27.4,0,3080
20240716,24.5,21.1,30.6,17.7,3090
20240717,25.4,21.8,31.4,2.4,3110
20240718,26,23.3,29.2,1.9,3109
20240719,25.8,21.4,29.4,0,3034
20240722,28.2,23.5,33.8,0,3140
20240723,27.9,24.5,31.8,0,3154
20240724,26.6,22.5,33.6,18,3142
20240725,28.3,23.6,34.2,0,3087
20240726,28.3,23.7,34.3,0,3015
